{
  "hardware": {
    "platform": "macOS-26.5.1-arm64-arm-64bit",
    "cpu": "arm",
    "python": "3.9.6",
    "onnx_providers": [
      "CoreMLExecutionProvider",
      "AzureExecutionProvider",
      "CPUExecutionProvider"
    ],
    "has_cuda": false,
    "has_coreml": true,
    "has_rust": true
  },
  "embedding": {
    "n_images": 50,
    "detect_ms": {
      "mean": 285.28916502000004,
      "p99": 6971.261590169973
    },
    "embed_ms": {
      "mean": 34.81029994000001,
      "p99": 39.15876441999995
    },
    "total_ms": {
      "mean": 320.09983088000035,
      "p99": 7009.984766419973
    },
    "throughput_fps": 3.124025393112069
  },
  "search": [
    {
      "n_database": 99500,
      "n_queries": 500,
      "n_bits": 256,
      "n_candidates": 100,
      "recall_1": 0.978,
      "encode_ms": {
        "mean": 0.008164171999958114,
        "p99": 0.023959409999960712
      },
      "scan_ms": {
        "mean": 0.33972582599998447,
        "p99": 0.38061700000202586
      },
      "rerank_ms": {
        "mean": 0.031151056000020105,
        "p99": 0.0657566700009582
      },
      "total_ms": {
        "mean": 0.37928167799991996,
        "p99": 0.4507850000023694
      },
      "qps": 2636.562897721126,
      "has_rust": true
    },
    {
      "n_database": 99500,
      "n_queries": 500,
      "n_bits": 384,
      "n_candidates": 100,
      "recall_1": 0.994,
      "encode_ms": {
        "mean": 0.009912077999928215,
        "p99": 0.018333419999869704
      },
      "scan_ms": {
        "mean": 0.4037459880000611,
        "p99": 0.4625603299975367
      },
      "rerank_ms": {
        "mean": 0.04114187800007585,
        "p99": 0.09796633999780367
      },
      "total_ms": {
        "mean": 0.4550266780000527,
        "p99": 0.533817420002336
      },
      "qps": 2197.6733416933507,
      "has_rust": true
    },
    {
      "n_database": 99500,
      "n_queries": 500,
      "n_bits": 512,
      "n_candidates": 100,
      "recall_1": 0.998,
      "encode_ms": {
        "mean": 0.011458515999969165,
        "p99": 0.019961749999310992
      },
      "scan_ms": {
        "mean": 0.43409463799995507,
        "p99": 0.4758186699995903
      },
      "rerank_ms": {
        "mean": 0.02991065000007609,
        "p99": 0.046974250002200776
      },
      "total_ms": {
        "mean": 0.47568751800000797,
        "p99": 0.5271736699977936
      },
      "qps": 2102.2203908238416,
      "has_rust": true
    },
    {
      "n_database": 99500,
      "n_queries": 500,
      "n_bits": 512,
      "n_candidates": 200,
      "recall_1": 1.0,
      "encode_ms": {
        "mean": 0.01264190800004883,
        "p99": 0.024339909999078157
      },
      "scan_ms": {
        "mean": 0.4415709140000459,
        "p99": 0.49598049999836746
      },
      "rerank_ms": {
        "mean": 0.06779029599996989,
        "p99": 0.10517476000085678
      },
      "total_ms": {
        "mean": 0.5222787520001121,
        "p99": 0.5980499100000358
      },
      "qps": 1914.6863550745893,
      "has_rust": true
    }
  ],
  "end_to_end_ms": 320.5755183980004
}