{
  "n_database": 99700,
  "results": [
    {
      "method": "FAISS-Flat (exact)",
      "recall_1": 1.0,
      "avg_ms": 4.00848235333333,
      "p99_ms": 4.144268419999712,
      "build_s": 0.006702874999999775,
      "memory_mb": 194.7265625
    },
    {
      "method": "USearch (HNSW)",
      "recall_1": 0.8966666666666666,
      "avg_ms": 0.43864290333335276,
      "p99_ms": 0.6388313299994937,
      "build_s": 9.357221334000002,
      "memory_mb": 253.14453125
    },
    {
      "method": "FaceFlash (PCA, top-100)",
      "recall_1": 0.97,
      "avg_ms": 0.3916401366665845,
      "p99_ms": 0.4235237500001254,
      "build_s": 0.30263550000000095,
      "memory_mb": 6.085205078125
    },
    {
      "method": "FaceFlash (PCA, top-30)",
      "recall_1": 0.95,
      "avg_ms": 0.34807916333334055,
      "p99_ms": 0.3965432400007174,
      "build_s": 0.23008700000000104,
      "memory_mb": 6.085205078125
    }
  ],
  "timestamp": "2026-06-23 13:19:59"
}